pedido_id,data_venda,uf,canal_venda,categoria,produto,quantidade_pedidos,preco_unitario,receita,lucro
5000,2025-02-14,RJ,Marketplace,Periféricos,Mouse Gamer,2,237.65,475.3,239.08
5001,2025-02-17,PR,Online,Informática,Monitor 27,4,1431.79,5727.16,1769.48
5002,2025-07-22,RJ,Marketplace,Informática,Monitor 27,5,1446.22,7231.1,2449.85
5003,2025-12-08,SP,Marketplace,Periféricos,Teclado Mecânico,7,399.84,2798.88,1356.67
5004,2025-01-04,GO,Marketplace,Telefonia,Smartphone X,4,3134.85,12539.4,3656.84
5005,2025-12-06,ES,Online,Telefonia,Smartphone X,5,2917.46,14587.3,3669.1
5006,2025-09-17,BA,Loja Física,Telefonia,Smartphone X,1,2685.07,2685.07,602.24
5007,2025-05-17,BA,Loja Física,Informática,Notebook Pro,3,4040.39,12121.17,2317.35
5008,2025-10-07,SP,Online,Telefonia,Tablet Plus,4,2122.91,8491.64,2523.84
5009,2025-05-20,SC,Loja Física,Informática,Monitor 27,2,1492.4,2984.8,1002.2
5010,2025-08-08,PE,Loja Física,Telefonia,Smartphone X,2,2754.42,5508.84,1154.12
5011,2025-02-26,BA,Online,Telefonia,Tablet Plus,2,2086.06,4172.12,1064.72
5012,2025-09-25,PR,Marketplace,Áudio,Caixa de Som,5,403.5,2017.5,738.95
5013,2025-05-09,SC,Online,Telefonia,Tablet Plus,4,2043.96,8175.84,2101.08
5014,2025-08-26,SC,Loja Física,Telefonia,Tablet Plus,5,2238.62,11193.1,3697.65
5015,2025-05-10,ES,Marketplace,Áudio,Headset Pro,4,351.27,1405.08,682.48
5016,2025-01-22,PR,Online,Telefonia,Smartphone X,2,2629.03,5258.06,596.98
5017,2025-08-23,RS,Loja Física,Informática,Notebook Pro,3,4052.35,12157.05,2705.46
5018,2025-02-28,PE,Loja Física,Informática,Monitor 27,2,1377.62,2755.24,880.58
5019,2025-10-28,BA,Marketplace,Informática,Notebook Pro,4,4532.55,18130.2,4141.8
5020,2025-06-01,BA,Marketplace,Periféricos,Mouse Gamer,2,228.83,457.66,218.16
5021,2025-04-13,RJ,Marketplace,Periféricos,Teclado Mecânico,4,376.17,1504.68,652.68
5022,2025-12-18,GO,Online,Telefonia,Smartphone X,2,2883.2,5766.4,1877.26
5023,2025-11-14,BA,Loja Física,Informática,Monitor 27,4,1400.85,5603.4,1154.24
5024,2025-02-19,SP,Loja Física,Áudio,Headset Pro,3,295.94,887.82,348.36
5025,2025-03-06,MG,Loja Física,Telefonia,Tablet Plus,3,1957.17,5871.51,1269.3
5026,2025-12-22,BA,Loja Física,Telefonia,Tablet Plus,1,2350.43,2350.43,763.05
5027,2025-12-11,SC,Online,Telefonia,Tablet Plus,2,2343.91,4687.82,1739.9
5028,2025-02-19,MG,Marketplace,Informática,Monitor 27,4,1502.01,6008.04,1972.28
5029,2025-07-28,PE,Marketplace,Telefonia,Smartphone X,5,3282.19,16410.95,5877.75
5030,2025-08-09,RS,Marketplace,Informática,Monitor 27,3,1345.1,4035.3,1044.99
5031,2025-03-02,RS,Loja Física,Periféricos,Teclado Mecânico,3,360.75,1082.25,410.19
5032,2025-09-26,ES,Marketplace,Periféricos,Mouse Gamer,2,202.17,404.34,172.42
5033,2025-12-10,SC,Loja Física,Periféricos,Teclado Mecânico,3,376.75,1130.25,506.61
5034,2025-07-06,RS,Loja Física,Informática,Monitor 27,1,1524.23,1524.23,565.38
5035,2025-07-08,RJ,Loja Física,Informática,Monitor 27,3,1541.45,4624.35,1551.18
5036,2025-10-31,PE,Online,Áudio,Caixa de Som,1,421.41,421.41,180.43
5037,2025-03-18,RS,Online,Informática,Notebook Pro,2,3878.51,7757.02,1711.9
5038,2025-04-07,GO,Marketplace,Áudio,Headset Pro,1,280.71,280.71,94.32
5039,2025-01-05,PE,Marketplace,Informática,Monitor 27,3,1346.57,4039.71,937.41
5040,2025-01-18,RJ,Online,Telefonia,Smartphone X,1,2931.64,2931.64,782.51
5041,2025-02-25,PR,Online,Telefonia,Tablet Plus,1,2267.51,2267.51,657.82
5042,2025-03-05,SC,Marketplace,Periféricos,Teclado Mecânico,1,374.68,374.68,161.77
5043,2025-09-10,RJ,Marketplace,Telefonia,Tablet Plus,2,2186.42,4372.84,1403.9
5044,2025-01-03,RJ,Loja Física,Periféricos,Teclado Mecânico,4,423.92,1695.68,825.08
5045,2025-12-30,ES,Loja Física,Telefonia,Tablet Plus,4,2319.23,9276.92,2397.8
5046,2025-10-18,RJ,Loja Física,Periféricos,Mouse Gamer,6,237.45,1424.7,681.3
5047,2025-03-14,BA,Online,Periféricos,Teclado Mecânico,3,358.13,1074.39,421.26
5048,2025-12-15,PE,Marketplace,Periféricos,Teclado Mecânico,4,368.76,1475.04,604.72
5049,2025-06-29,SC,Loja Física,Áudio,Caixa de Som,2,374.81,749.62,282.64
5050,2025-12-13,PE,Loja Física,Periféricos,Mouse Gamer,6,209.62,1257.72,508.68
5051,2025-07-28,SC,Online,Informática,Notebook Pro,3,4571.24,13713.72,4629.66
5052,2025-08-17,GO,Loja Física,Telefonia,Smartphone X,5,2599.65,12998.25,2994.5
5053,2025-08-14,MG,Marketplace,Áudio,Caixa de Som,2,446.58,893.16,403.78
5054,2025-07-29,MG,Loja Física,Periféricos,Teclado Mecânico,5,360.02,1800.1,689.4
5055,2025-03-14,SP,Loja Física,Áudio,Headset Pro,4,319.45,1277.8,579.72
5056,2025-11-01,ES,Loja Física,Informática,Monitor 27,2,1470.9,2941.8,855.68
5057,2025-10-10,RJ,Online,Áudio,Headset Pro,6,303.78,1822.68,678.6
5058,2025-09-05,BA,Marketplace,Telefonia,Tablet Plus,3,1876.65,5629.95,924.45
5059,2025-03-20,RJ,Online,Telefonia,Smartphone X,3,2765.68,8297.04,1835.1
5060,2025-11-14,MG,Marketplace,Periféricos,Teclado Mecânico,5,382.33,1911.65,753.45
5061,2025-06-08,MG,Online,Telefonia,Tablet Plus,2,2233.94,4467.88,1373.08
5062,2025-11-21,SC,Loja Física,Telefonia,Smartphone X,5,2849.52,14247.6,3609.6
5063,2025-11-23,SC,Online,Informática,Notebook Pro,4,4606.77,18427.08,4727.52
5064,2025-12-22,PE,Online,Áudio,Headset Pro,2,298.85,597.7,250.86
5065,2025-10-03,PR,Loja Física,Informática,Monitor 27,3,1435.87,4307.61,1345.23
5066,2025-12-17,MG,Marketplace,Periféricos,Mouse Gamer,6,224.41,1346.46,606.72
5067,2025-06-10,SC,Loja Física,Áudio,Headset Pro,2,341.65,683.3,269.96
5068,2025-10-09,SP,Online,Áudio,Headset Pro,1,337.31,337.31,141.75
5069,2025-10-10,PR,Loja Física,Áudio,Headset Pro,4,293.37,1173.48,377.48
5070,2025-04-28,SC,Online,Informática,Monitor 27,3,1540.6,4621.8,1598.79
5071,2025-11-28,SP,Marketplace,Periféricos,Mouse Gamer,5,200.97,1004.85,360.5
5072,2025-03-20,GO,Marketplace,Informática,Monitor 27,2,1456.88,2913.76,1024.38
5073,2025-07-09,PE,Online,Áudio,Headset Pro,2,324.47,648.94,286.54
5074,2025-09-07,ES,Marketplace,Áudio,Caixa de Som,3,433.97,1301.91,558.09
5075,2025-12-15,ES,Loja Física,Áudio,Headset Pro,6,331.77,1990.62,866.22
5076,2025-04-22,MG,Loja Física,Informática,Notebook Pro,2,4187.13,8374.26,1704.84
5077,2025-07-13,SP,Online,Telefonia,Tablet Plus,5,2086.19,10430.95,2135.55
5078,2025-02-02,PR,Online,Áudio,Caixa de Som,3,451.86,1355.58,630.75
5079,2025-02-19,SC,Marketplace,Periféricos,Mouse Gamer,3,212.54,637.62,311.4
5080,2025-11-19,SC,Marketplace,Informática,Monitor 27,4,1448.41,5793.64,1780.96
5081,2025-07-01,PE,Loja Física,Telefonia,Smartphone X,4,3161.71,12646.84,4055.2
5082,2025-08-17,GO,Loja Física,Telefonia,Smartphone X,2,2827.87,5655.74,1570.84
5083,2025-04-19,BA,Online,Informática,Notebook Pro,2,4415.47,8830.94,2488.98
5084,2025-12-01,PR,Loja Física,Áudio,Headset Pro,3,344.32,1032.96,501.48
5085,2025-05-08,SP,Loja Física,Periféricos,Teclado Mecânico,4,356.71,1426.84,520.8
5086,2025-05-05,RJ,Marketplace,Telefonia,Smartphone X,4,3045.81,12183.24,3485.68
5087,2025-01-18,SP,Loja Física,Periféricos,Mouse Gamer,3,220.06,660.18,285.39
5088,2025-07-09,SP,Online,Informática,Notebook Pro,3,4113.94,12341.82,3466.23
5089,2025-07-15,GO,Loja Física,Informática,Monitor 27,2,1541.14,3082.28,1032.3
5090,2025-09-01,PE,Online,Áudio,Headset Pro,1,308.41,308.41,123.55
5091,2025-08-15,ES,Loja Física,Telefonia,Smartphone X,2,3004.1,6008.2,1522.54
5092,2025-11-18,PR,Loja Física,Áudio,Headset Pro,4,307.29,1229.16,472.92
5093,2025-05-26,RS,Loja Física,Informática,Monitor 27,1,1354.14,1354.14,376.75
5094,2025-11-04,ES,Loja Física,Informática,Notebook Pro,2,4684.86,9369.72,3252.14
5095,2025-02-22,BA,Marketplace,Telefonia,Smartphone X,3,2556.81,7670.43,876.57
5096,2025-11-30,SC,Marketplace,Periféricos,Teclado Mecânico,7,364.08,2548.56,1016.89
5097,2025-06-15,MG,Loja Física,Áudio,Caixa de Som,3,401.79,1205.37,457.29
5098,2025-04-12,SC,Online,Telefonia,Smartphone X,4,2876.37,11505.48,3508.36
5099,2025-08-24,RS,Online,Informática,Monitor 27,3,1492.83,4478.49,1361.01
5100,2025-02-07,SC,Online,Periféricos,Mouse Gamer,2,204.31,408.62,153.84
5101,2025-01-05,RS,Marketplace,Telefonia,Tablet Plus,4,1945.57,7782.28,1889.56
5102,2025-07-31,SP,Loja Física,Periféricos,Teclado Mecânico,2,356.56,713.12,290.96
5103,2025-09-11,GO,Loja Física,Informática,Notebook Pro,1,4542.13,4542.13,1540.22
5104,2025-01-08,PE,Marketplace,Periféricos,Teclado Mecânico,3,379.96,1139.88,541.71
5105,2025-11-12,RJ,Loja Física,Periféricos,Mouse Gamer,5,220.32,1101.6,491.4
5106,2025-08-21,RJ,Online,Áudio,Caixa de Som,3,411.72,1235.16,573.24
5107,2025-08-14,ES,Marketplace,Áudio,Caixa de Som,2,394.2,788.4,318.1
5108,2025-12-29,PE,Marketplace,Periféricos,Teclado Mecânico,4,368.1,1472.4,566.16
5109,2025-11-09,PR,Loja Física,Telefonia,Smartphone X,6,2618.68,15712.08,2324.94
5110,2025-03-15,BA,Marketplace,Informática,Monitor 27,2,1483.95,2967.9,1224.24
5111,2025-08-22,MG,Online,Áudio,Caixa de Som,5,508.55,2542.75,1270.0
5112,2025-08-29,PE,Loja Física,Áudio,Headset Pro,4,328.84,1315.36,562.44
5113,2025-06-07,SP,Marketplace,Telefonia,Smartphone X,3,2723.07,8169.21,2010.06
5114,2025-10-22,PE,Marketplace,Telefonia,Smartphone X,2,2678.18,5356.36,1250.66
5115,2025-04-06,GO,Marketplace,Informática,Monitor 27,2,1430.78,2861.56,778.32
5116,2025-04-17,ES,Loja Física,Periféricos,Teclado Mecânico,2,387.58,775.16,316.32
5117,2025-12-31,SP,Online,Áudio,Headset Pro,7,305.77,2140.39,799.82
5118,2025-06-06,RS,Online,Periféricos,Mouse Gamer,3,198.36,595.08,245.01
5119,2025-10-06,PE,Marketplace,Periféricos,Mouse Gamer,2,212.43,424.86,182.78
5120,2025-06-27,ES,Online,Informática,Monitor 27,1,1345.84,1345.84,255.05
5121,2025-04-28,SP,Online,Áudio,Caixa de Som,5,397.53,1987.65,842.5
5122,2025-06-12,GO,Online,Informática,Monitor 27,1,1657.81,1657.81,669.06
5123,2025-09-06,MG,Online,Áudio,Caixa de Som,2,373.16,746.32,265.54
5124,2025-11-30,MG,Online,Informática,Notebook Pro,5,4378.14,21890.7,6227.75
5125,2025-05-18,SP,Marketplace,Periféricos,Mouse Gamer,3,212.26,636.78,284.04
5126,2025-08-19,PR,Loja Física,Áudio,Headset Pro,3,329.87,989.61,399.84
5127,2025-04-24,RS,Loja Física,Informática,Monitor 27,2,1575.38,3150.76,1181.74
5128,2025-07-01,MG,Marketplace,Informática,Notebook Pro,3,4448.68,13346.04,3956.04
5129,2025-04-15,PR,Online,Telefonia,Smartphone X,1,2978.08,2978.08,801.82
5130,2025-05-07,RJ,Online,Telefonia,Tablet Plus,5,2098.63,10493.15,2994.15
5131,2025-07-15,PE,Online,Áudio,Headset Pro,2,327.08,654.16,279.72
5132,2025-10-20,ES,Marketplace,Telefonia,Smartphone X,3,2981.88,8945.64,2395.02
5133,2025-03-03,RJ,Loja Física,Telefonia,Smartphone X,1,2530.85,2530.85,158.81
5134,2025-07-18,MG,Loja Física,Informática,Monitor 27,4,1472.87,5891.48,2052.52
5135,2025-04-22,MG,Online,Periféricos,Teclado Mecânico,2,374.19,748.38,358.2
5136,2025-01-19,SC,Online,Áudio,Headset Pro,3,311.9,935.7,404.97
5137,2025-07-22,MG,Online,Informática,Monitor 27,2,1428.02,2856.04,774.08
5138,2025-10-15,RJ,Marketplace,Periféricos,Teclado Mecânico,3,368.91,1106.73,414.78
5139,2025-03-29,RS,Loja Física,Informática,Notebook Pro,4,4020.49,16081.96,3664.92
5140,2025-02-16,RJ,Marketplace,Periféricos,Teclado Mecânico,5,389.0,1945.0,873.2
5141,2025-04-12,SC,Loja Física,Telefonia,Tablet Plus,4,2155.3,8621.2,2426.24
5142,2025-02-16,ES,Marketplace,Áudio,Caixa de Som,2,393.34,786.68,314.0
5143,2025-04-15,PE,Online,Informática,Monitor 27,4,1441.07,5764.28,1782.24
5144,2025-12-11,PR,Marketplace,Telefonia,Smartphone X,2,2913.82,5827.64,1597.44
5145,2025-12-12,SC,Online,Informática,Monitor 27,4,1522.21,6088.84,2316.24
5146,2025-05-26,PE,Loja Física,Áudio,Caixa de Som,4,379.88,1519.52,539.72
5147,2025-10-29,BA,Loja Física,Telefonia,Smartphone X,1,2633.04,2633.04,494.52
5148,2025-08-04,ES,Marketplace,Informática,Notebook Pro,1,4641.32,4641.32,1491.57
5149,2025-12-15,SC,Marketplace,Periféricos,Teclado Mecânico,7,358.55,2509.85,1093.61
5150,2025-12-07,RS,Marketplace,Áudio,Caixa de Som,2,409.01,818.02,347.8
5151,2025-05-01,SP,Online,Áudio,Caixa de Som,6,395.26,2371.56,882.78
5152,2025-12-08,BA,Marketplace,Periféricos,Mouse Gamer,6,218.59,1311.54,583.5
5153,2025-03-25,PE,Marketplace,Telefonia,Smartphone X,3,2534.23,7602.69,1133.43
5154,2025-11-17,MG,Loja Física,Periféricos,Teclado Mecânico,6,410.12,2460.72,1335.42
5155,2025-01-05,ES,Loja Física,Periféricos,Mouse Gamer,2,230.0,460.0,212.1
5156,2025-07-09,RS,Loja Física,Periféricos,Mouse Gamer,1,231.74,231.74,111.56
5157,2025-05-15,GO,Marketplace,Informática,Monitor 27,5,1558.85,7794.25,2917.2
5158,2025-09-10,SC,Loja Física,Telefonia,Tablet Plus,4,2137.56,8550.24,2067.28
5159,2025-02-27,BA,Marketplace,Telefonia,Smartphone X,4,2710.91,10843.64,2635.72
5160,2025-10-02,BA,Online,Telefonia,Smartphone X,1,2621.42,2621.42,508.29
5161,2025-01-21,GO,Online,Periféricos,Mouse Gamer,4,214.9,859.6,378.2
5162,2025-11-20,SP,Loja Física,Informática,Notebook Pro,9,4051.09,36459.81,7062.75
5163,2025-02-26,RS,Marketplace,Periféricos,Teclado Mecânico,3,370.67,1112.01,474.69
5164,2025-01-23,GO,Online,Periféricos,Teclado Mecânico,3,350.43,1051.29,403.68
5165,2025-11-20,GO,Online,Áudio,Headset Pro,4,320.89,1283.56,586.72
5166,2025-10-13,RS,Marketplace,Telefonia,Smartphone X,4,2890.56,11562.24,2188.4
5167,2025-04-30,GO,Loja Física,Periféricos,Teclado Mecânico,1,419.73,419.73,193.35
5168,2025-10-23,BA,Online,Áudio,Headset Pro,2,353.39,706.78,320.12
5169,2025-01-23,RJ,Marketplace,Telefonia,Tablet Plus,5,2056.77,10283.85,3048.9
5170,2025-12-16,SP,Loja Física,Periféricos,Mouse Gamer,3,220.49,661.47,278.19
5171,2025-07-04,ES,Online,Informática,Notebook Pro,4,4290.62,17162.48,4920.24
5172,2025-03-30,RJ,Online,Periféricos,Mouse Gamer,3,193.42,580.26,231.99
5173,2025-08-17,PE,Online,Telefonia,Tablet Plus,3,2163.58,6490.74,1800.6
5174,2025-04-16,PE,Loja Física,Informática,Monitor 27,1,1553.26,1553.26,505.21
5175,2025-10-06,RS,Online,Áudio,Headset Pro,1,311.29,311.29,136.13
5176,2025-11-22,ES,Online,Telefonia,Tablet Plus,3,2166.06,6498.18,1946.19
5177,2025-04-06,SP,Online,Periféricos,Mouse Gamer,3,223.5,670.5,330.51
5178,2025-09-13,SC,Loja Física,Áudio,Caixa de Som,4,412.85,1651.4,692.76
5179,2025-10-10,PE,Loja Física,Periféricos,Teclado Mecânico,2,388.37,776.74,351.7
5180,2025-11-17,SC,Marketplace,Áudio,Caixa de Som,3,395.62,1186.86,479.58
5181,2025-02-28,MG,Online,Áudio,Headset Pro,3,332.11,996.33,424.02
5182,2025-06-25,RJ,Online,Áudio,Headset Pro,3,309.14,927.42,313.26
5183,2025-10-04,MG,Loja Física,Periféricos,Teclado Mecânico,1,364.33,364.33,155.32
5184,2025-11-23,SP,Loja Física,Áudio,Caixa de Som,5,406.82,2034.1,899.0
5185,2025-03-22,GO,Marketplace,Áudio,Caixa de Som,4,382.91,1531.64,600.52
5186,2025-04-06,GO,Online,Periféricos,Teclado Mecânico,2,360.39,720.78,293.32
5187,2025-01-17,RJ,Marketplace,Informática,Monitor 27,6,1400.71,8404.26,2588.52
5188,2025-07-08,RS,Loja Física,Áudio,Headset Pro,1,332.09,332.09,140.32
5189,2025-10-11,ES,Online,Informática,Notebook Pro,4,4121.92,16487.68,2471.76
5190,2025-12-09,PE,Loja Física,Telefonia,Smartphone X,3,2565.68,7697.04,777.27
5191,2025-08-23,MG,Loja Física,Telefonia,Tablet Plus,4,2248.4,8993.6,2921.96
5192,2025-04-30,BA,Online,Telefonia,Smartphone X,1,2960.71,2960.71,842.83
5193,2025-12-17,PR,Loja Física,Informática,Notebook Pro,5,3875.58,19377.9,3549.4
5194,2025-12-10,SP,Loja Física,Informática,Monitor 27,4,1364.31,5457.24,1537.24
5195,2025-04-28,BA,Loja Física,Áudio,Headset Pro,2,285.5,571.0,158.18
5196,2025-05-21,SC,Online,Informática,Notebook Pro,3,4503.09,13509.27,4033.11
5197,2025-06-21,GO,Marketplace,Telefonia,Smartphone X,5,2665.0,13325.0,2421.65
5198,2025-07-13,GO,Online,Áudio,Headset Pro,5,304.54,1522.7,655.95
5199,2025-06-15,PR,Online,Informática,Notebook Pro,1,4615.55,4615.55,1459.51
5200,2025-01-18,BA,Marketplace,Informática,Monitor 27,2,1326.44,2652.88,687.58
5201,2025-04-02,ES,Marketplace,Áudio,Headset Pro,5,307.62,1538.1,569.2
5202,2025-12-31,PR,Online,Periféricos,Mouse Gamer,4,249.07,996.28,539.16
5203,2025-12-16,RS,Online,Periféricos,Teclado Mecânico,4,368.1,1472.4,661.08
5204,2025-04-24,ES,Online,Áudio,Caixa de Som,3,394.37,1183.11,484.98
5205,2025-09-10,SC,Marketplace,Áudio,Headset Pro,3,316.83,950.49,386.64
5206,2025-04-30,ES,Marketplace,Telefonia,Smartphone X,3,2637.5,7912.5,1571.37
5207,2025-12-17,MG,Loja Física,Áudio,Caixa de Som,4,405.18,1620.72,682.76
5208,2025-04-14,ES,Loja Física,Áudio,Caixa de Som,2,421.46,842.92,360.22
5209,2025-11-25,MG,Marketplace,Áudio,Headset Pro,5,299.07,1495.35,488.6
5210,2025-09-13,RS,Online,Áudio,Headset Pro,4,319.23,1276.92,506.48
5211,2025-08-28,RJ,Marketplace,Telefonia,Tablet Plus,5,2066.72,10333.6,2934.5
5212,2025-01-21,PE,Loja Física,Áudio,Headset Pro,2,312.31,624.62,262.52
5213,2025-01-28,GO,Loja Física,Áudio,Caixa de Som,4,419.08,1676.32,717.52
5214,2025-02-01,BA,Loja Física,Telefonia,Tablet Plus,2,2228.71,4457.42,1718.9
5215,2025-05-07,BA,Online,Áudio,Caixa de Som,5,449.81,2249.05,952.95
5216,2025-11-25,SC,Marketplace,Telefonia,Smartphone X,3,3165.03,9495.09,2750.25
5217,2025-09-22,MG,Marketplace,Áudio,Caixa de Som,5,371.99,1859.95,734.1
5218,2025-10-18,MG,Online,Periféricos,Teclado Mecânico,2,368.89,737.78,288.78
5219,2025-09-24,SP,Online,Telefonia,Tablet Plus,5,2022.91,10114.55,2434.25
5220,2025-03-18,RJ,Marketplace,Periféricos,Teclado Mecânico,7,381.66,2671.62,1279.67
5221,2025-04-20,PE,Loja Física,Informática,Notebook Pro,2,4657.28,9314.56,3433.8
5222,2025-03-12,RS,Marketplace,Periféricos,Teclado Mecânico,5,347.03,1735.15,662.5
5223,2025-12-03,SP,Loja Física,Periféricos,Mouse Gamer,5,218.8,1094.0,442.4
5224,2025-09-19,PR,Loja Física,Telefonia,Smartphone X,1,3022.39,3022.39,903.65
5225,2025-06-23,SC,Loja Física,Áudio,Caixa de Som,1,391.53,391.53,134.72
5226,2025-01-16,BA,Marketplace,Telefonia,Tablet Plus,1,2184.8,2184.8,717.24
5227,2025-03-11,PE,Online,Periféricos,Mouse Gamer,1,223.78,223.78,102.08
5228,2025-10-08,SP,Marketplace,Telefonia,Smartphone X,4,2961.14,11844.56,3041.04
5229,2025-08-22,BA,Marketplace,Áudio,Headset Pro,4,323.62,1294.48,497.36
5230,2025-12-16,SC,Online,Áudio,Headset Pro,3,360.12,1080.36,571.59
5231,2025-07-21,GO,Loja Física,Informática,Monitor 27,1,1607.64,1607.64,653.22
5232,2025-12-20,MG,Marketplace,Áudio,Headset Pro,4,321.94,1287.76,495.88
5233,2025-03-17,ES,Online,Áudio,Headset Pro,5,327.46,1637.3,692.3
5234,2025-11-24,RS,Online,Áudio,Headset Pro,2,275.8,551.6,187.46
5235,2025-02-28,RJ,Marketplace,Informática,Notebook Pro,3,4129.95,12389.85,2767.08
5236,2025-12-05,RS,Online,Telefonia,Tablet Plus,3,2184.86,6554.58,1986.45
5237,2025-12-08,SP,Marketplace,Áudio,Headset Pro,6,337.77,2026.62,976.32
5238,2025-07-13,PE,Online,Informática,Monitor 27,3,1392.11,4176.33,1166.97
5239,2025-10-13,SC,Online,Informática,Notebook Pro,2,4083.35,8166.7,2187.54
5240,2025-07-04,PE,Marketplace,Informática,Monitor 27,1,1282.26,1282.26,281.86
5241,2025-03-20,SC,Loja Física,Periféricos,Mouse Gamer,3,217.96,653.88,292.26
5242,2025-04-06,PE,Loja Física,Áudio,Caixa de Som,1,460.61,460.61,195.18
5243,2025-11-27,BA,Loja Física,Áudio,Caixa de Som,3,450.15,1350.45,628.17
5244,2025-04-16,GO,Loja Física,Telefonia,Tablet Plus,2,2008.14,4016.28,1051.96
5245,2025-07-08,RS,Marketplace,Áudio,Headset Pro,3,333.48,1000.44,466.68
5246,2025-06-07,BA,Loja Física,Telefonia,Smartphone X,2,2874.23,5748.46,1630.6
5247,2025-03-08,MG,Loja Física,Informática,Monitor 27,1,1378.35,1378.35,398.04
5248,2025-10-22,ES,Loja Física,Telefonia,Tablet Plus,2,2195.67,4391.34,1296.1
5249,2025-03-19,MG,Marketplace,Informática,Monitor 27,4,1424.16,5696.64,1957.48
5250,2025-11-16,PE,Online,Áudio,Caixa de Som,7,418.53,2929.71,1179.43
5251,2025-06-29,MG,Loja Física,Informática,Notebook Pro,5,4225.84,21129.2,5131.95
5252,2025-08-20,GO,Marketplace,Áudio,Caixa de Som,3,418.41,1255.23,558.42
5253,2025-09-18,RJ,Loja Física,Periféricos,Teclado Mecânico,3,352.35,1057.05,394.11
5254,2025-02-05,PE,Loja Física,Áudio,Headset Pro,3,298.98,896.94,292.65
5255,2025-06-10,SC,Loja Física,Telefonia,Smartphone X,4,2731.35,10925.4,2392.04
5256,2025-01-11,SP,Marketplace,Áudio,Headset Pro,6,325.91,1955.46,823.02
5257,2025-10-31,SC,Marketplace,Periféricos,Mouse Gamer,2,217.7,435.4,183.96
5258,2025-09-19,MG,Online,Áudio,Caixa de Som,5,406.35,2031.75,810.55
5259,2025-08-29,MG,Marketplace,Telefonia,Tablet Plus,4,2131.73,8526.92,2156.0
5260,2025-12-29,SP,Online,Periféricos,Teclado Mecânico,4,319.13,1276.52,415.4
5261,2025-12-22,RJ,Online,Informática,Monitor 27,6,1454.06,8724.36,2689.02
5262,2025-09-08,MG,Marketplace,Telefonia,Smartphone X,2,2811.89,5623.78,1642.42
5263,2025-06-11,BA,Online,Periféricos,Teclado Mecânico,2,332.98,665.96,216.16
5264,2025-09-01,PE,Online,Periféricos,Mouse Gamer,4,209.48,837.92,395.24
5265,2025-04-25,RS,Online,Áudio,Headset Pro,3,340.15,1020.45,453.78
5266,2025-04-27,GO,Loja Física,Informática,Monitor 27,3,1327.83,3983.49,864.75
5267,2025-06-12,BA,Online,Telefonia,Smartphone X,3,3063.08,9189.24,3527.34
5268,2025-05-19,SP,Marketplace,Periféricos,Mouse Gamer,4,202.19,808.76,339.92
5269,2025-08-25,SC,Online,Telefonia,Smartphone X,2,3025.01,6050.02,1778.88
5270,2025-04-16,BA,Marketplace,Informática,Notebook Pro,2,4216.49,8432.98,1838.6
5271,2025-06-28,MG,Loja Física,Informática,Monitor 27,3,1349.86,4049.58,1012.26
5272,2025-10-17,RJ,Online,Telefonia,Smartphone X,4,2942.11,11768.44,3839.2
5273,2025-08-30,PE,Loja Física,Informática,Notebook Pro,2,3987.42,7974.84,1731.5
5274,2025-11-30,PE,Loja Física,Áudio,Headset Pro,5,306.96,1534.8,532.05
5275,2025-05-02,RJ,Online,Áudio,Headset Pro,6,306.0,1836.0,707.46
5276,2025-04-28,SP,Loja Física,Informática,Monitor 27,3,1410.21,4230.63,993.42
5277,2025-09-25,ES,Online,Informática,Notebook Pro,2,4434.66,8869.32,2538.4
5278,2025-06-09,RJ,Marketplace,Periféricos,Teclado Mecânico,4,396.28,1585.12,701.8
5279,2025-02-27,BA,Loja Física,Periféricos,Teclado Mecânico,2,405.26,810.52,364.36
5280,2025-11-18,GO,Online,Informática,Notebook Pro,5,4669.37,23346.85,7292.4
5281,2025-12-22,PE,Online,Áudio,Headset Pro,4,304.68,1218.72,490.04
5282,2025-02-08,PR,Marketplace,Periféricos,Teclado Mecânico,2,383.81,767.62,332.8
5283,2025-08-13,RS,Marketplace,Telefonia,Smartphone X,2,3021.03,6042.06,1375.06
5284,2025-04-08,SP,Loja Física,Áudio,Caixa de Som,3,409.4,1228.2,505.56
5285,2025-08-25,GO,Marketplace,Áudio,Caixa de Som,3,381.05,1143.15,406.92
5286,2025-01-29,MG,Loja Física,Periféricos,Mouse Gamer,4,219.04,876.16,402.6
5287,2025-06-11,SC,Marketplace,Periféricos,Teclado Mecânico,3,344.53,1033.59,374.13
5288,2025-08-09,PR,Loja Física,Telefonia,Tablet Plus,1,2045.89,2045.89,454.95
5289,2025-08-08,PR,Marketplace,Telefonia,Tablet Plus,3,2140.7,6422.1,1903.17
5290,2025-12-04,PE,Loja Física,Telefonia,Smartphone X,4,2765.87,11063.48,2631.08
5291,2025-01-08,SP,Online,Informática,Monitor 27,3,1422.09,4266.27,1453.02
5292,2025-01-30,PR,Marketplace,Informática,Notebook Pro,5,4469.15,22345.75,7477.55
5293,2025-09-23,BA,Loja Física,Periféricos,Teclado Mecânico,4,370.29,1481.16,604.76
5294,2025-01-18,RS,Loja Física,Periféricos,Teclado Mecânico,2,364.41,728.82,286.22
5295,2025-11-08,RJ,Loja Física,Informática,Notebook Pro,4,4335.48,17341.92,4556.68
5296,2025-01-17,PE,Marketplace,Periféricos,Teclado Mecânico,3,340.68,1022.04,339.12
5297,2025-08-14,SP,Marketplace,Áudio,Caixa de Som,3,411.24,1233.72,503.25
5298,2025-06-29,RS,Online,Informática,Monitor 27,4,1480.17,5920.68,2041.88
5299,2025-08-22,GO,Marketplace,Telefonia,Tablet Plus,3,2169.95,6509.85,1465.05
5300,2025-12-11,ES,Loja Física,Informática,Notebook Pro,5,4457.87,22289.35,6514.05
5301,2025-07-12,RS,Marketplace,Telefonia,Tablet Plus,4,1998.01,7992.04,1575.84
5302,2025-11-23,MG,Online,Telefonia,Tablet Plus,5,1917.33,9586.65,1324.05
5303,2025-02-22,ES,Marketplace,Áudio,Headset Pro,1,345.55,345.55,158.39
5304,2025-05-09,PR,Online,Informática,Monitor 27,3,1346.92,4040.76,1129.44
5305,2025-04-03,PR,Online,Áudio,Caixa de Som,2,412.57,825.14,314.54
5306,2025-04-11,SC,Loja Física,Áudio,Headset Pro,5,318.66,1593.3,723.7
5307,2025-01-03,PE,Marketplace,Periféricos,Mouse Gamer,4,214.39,857.56,351.84
5308,2025-05-27,BA,Marketplace,Telefonia,Tablet Plus,1,1963.23,1963.23,378.1
5309,2025-11-07,PE,Online,Periféricos,Mouse Gamer,3,215.41,646.23,268.32
5310,2025-02-08,SP,Online,Periféricos,Mouse Gamer,5,207.84,1039.2,414.1
5311,2025-12-08,PR,Online,Informática,Monitor 27,3,1397.09,4191.27,1403.73
5312,2025-04-19,SP,Marketplace,Periféricos,Teclado Mecânico,2,334.35,668.7,225.32
5313,2025-01-08,PE,Loja Física,Telefonia,Smartphone X,1,2757.27,2757.27,783.94
5314,2025-05-03,BA,Loja Física,Áudio,Caixa de Som,1,430.12,430.12,176.62
5315,2025-11-15,SP,Online,Periféricos,Teclado Mecânico,9,358.58,3227.22,1400.76
5316,2025-04-02,PE,Online,Telefonia,Tablet Plus,3,1819.9,5459.7,968.97
5317,2025-04-11,GO,Loja Física,Periféricos,Teclado Mecânico,1,394.99,394.99,163.7
5318,2025-12-19,RJ,Marketplace,Telefonia,Smartphone X,5,2804.52,14022.6,3715.75
5319,2025-07-22,MG,Marketplace,Telefonia,Tablet Plus,3,2114.95,6344.85,1960.56
5320,2025-01-06,GO,Loja Física,Periféricos,Mouse Gamer,2,226.07,452.14,198.92
5321,2025-11-19,SP,Loja Física,Informática,Monitor 27,6,1601.14,9606.84,3586.44
5322,2025-08-25,SP,Marketplace,Áudio,Headset Pro,2,324.98,649.96,292.96
5323,2025-06-02,PE,Loja Física,Periféricos,Mouse Gamer,2,241.12,482.24,240.14
5324,2025-07-28,RS,Online,Telefonia,Smartphone X,4,2757.6,11030.4,2624.16
5325,2025-12-14,SP,Marketplace,Periféricos,Teclado Mecânico,7,362.53,2537.71,1158.36
5326,2025-10-21,PR,Loja Física,Informática,Notebook Pro,2,4277.68,8555.36,2393.28
5327,2025-06-28,RS,Loja Física,Periféricos,Mouse Gamer,2,216.27,432.54,199.42
5328,2025-09-20,GO,Loja Física,Áudio,Caixa de Som,1,430.57,430.57,193.6
5329,2025-01-09,PR,Loja Física,Informática,Monitor 27,1,1433.34,1433.34,466.69
5330,2025-11-10,MG,Marketplace,Periféricos,Mouse Gamer,5,191.62,958.1,318.25
5331,2025-11-21,RS,Marketplace,Informática,Notebook Pro,5,4334.45,21672.25,5502.8
5332,2025-10-04,GO,Online,Periféricos,Mouse Gamer,3,234.04,702.12,320.79
5333,2025-06-09,SP,Loja Física,Periféricos,Teclado Mecânico,5,379.24,1896.2,849.1
5334,2025-02-18,ES,Marketplace,Periféricos,Teclado Mecânico,4,323.48,1293.92,548.72
5335,2025-01-04,PE,Online,Informática,Notebook Pro,1,4259.32,4259.32,1242.85
5336,2025-11-04,BA,Online,Áudio,Headset Pro,3,323.48,970.44,432.3
5337,2025-03-18,PE,Loja Física,Telefonia,Tablet Plus,3,1966.45,5899.35,1618.47
5338,2025-02-26,ES,Marketplace,Periféricos,Mouse Gamer,4,223.74,894.96,430.24
5339,2025-04-25,BA,Marketplace,Informática,Monitor 27,5,1364.75,6823.75,1848.75
5340,2025-02-23,PR,Marketplace,Informática,Monitor 27,2,1463.03,2926.06,857.9
5341,2025-08-07,PE,Online,Áudio,Caixa de Som,2,428.95,857.9,343.56
5342,2025-02-01,RS,Online,Telefonia,Tablet Plus,1,2017.31,2017.31,383.68
5343,2025-06-21,SP,Marketplace,Telefonia,Tablet Plus,4,2245.81,8983.24,3161.2
5344,2025-05-22,ES,Loja Física,Telefonia,Smartphone X,3,2668.38,8005.14,1270.47
5345,2025-11-23,MG,Loja Física,Telefonia,Tablet Plus,5,2244.21,11221.05,3175.15
5346,2025-09-05,RS,Marketplace,Telefonia,Tablet Plus,4,2196.62,8786.48,2072.6
5347,2025-09-20,RJ,Marketplace,Áudio,Headset Pro,4,320.78,1283.12,589.32
5348,2025-03-01,PE,Marketplace,Periféricos,Teclado Mecânico,4,351.03,1404.12,573.28
5349,2025-06-10,GO,Marketplace,Áudio,Caixa de Som,1,415.04,415.04,158.07
5350,2025-05-07,MG,Online,Periféricos,Mouse Gamer,5,230.32,1151.6,540.1
5351,2025-09-24,RJ,Loja Física,Periféricos,Mouse Gamer,3,236.82,710.46,346.17
5352,2025-02-05,PR,Marketplace,Informática,Notebook Pro,2,3812.15,7624.3,1334.4
5353,2025-06-13,BA,Loja Física,Áudio,Headset Pro,4,313.98,1255.92,521.2
5354,2025-09-19,PE,Loja Física,Telefonia,Smartphone X,4,2868.15,11472.6,2789.84
5355,2025-05-19,SC,Marketplace,Informática,Notebook Pro,2,4358.19,8716.38,2305.86
5356,2025-01-30,MG,Online,Telefonia,Tablet Plus,5,2126.7,10633.5,3046.5
5357,2025-09-23,MG,Marketplace,Telefonia,Tablet Plus,5,2081.73,10408.65,2598.7
5358,2025-06-11,ES,Marketplace,Áudio,Caixa de Som,3,375.44,1126.32,438.66
5359,2025-07-08,PE,Online,Áudio,Headset Pro,3,313.15,939.45,409.29
5360,2025-01-24,PE,Marketplace,Telefonia,Smartphone X,5,2899.56,14497.8,2817.95
5361,2025-11-09,SP,Loja Física,Telefonia,Tablet Plus,6,2155.61,12933.66,3718.02
5362,2025-09-30,BA,Loja Física,Periféricos,Teclado Mecânico,3,386.96,1160.88,547.77
5363,2025-10-22,PE,Loja Física,Telefonia,Tablet Plus,4,1979.74,7918.96,2004.04
5364,2025-09-14,SC,Marketplace,Periféricos,Mouse Gamer,3,199.14,597.42,228.63
5365,2025-04-04,SP,Online,Telefonia,Smartphone X,3,2826.26,8478.78,2008.53
5366,2025-08-27,MG,Online,Informática,Notebook Pro,1,4596.51,4596.51,1259.97
5367,2025-08-08,ES,Marketplace,Periféricos,Mouse Gamer,3,236.9,710.7,338.55
5368,2025-07-30,BA,Marketplace,Áudio,Caixa de Som,3,447.95,1343.85,663.81
5369,2025-01-03,RJ,Marketplace,Áudio,Caixa de Som,2,393.74,787.48,269.18
5370,2025-04-30,SC,Online,Periféricos,Teclado Mecânico,6,373.03,2238.18,956.34
5371,2025-04-03,ES,Loja Física,Periféricos,Mouse Gamer,2,231.98,463.96,232.22
5372,2025-10-25,PR,Online,Telefonia,Tablet Plus,3,2054.43,6163.29,2272.2
5373,2025-10-01,BA,Marketplace,Periféricos,Teclado Mecânico,2,325.35,650.7,225.96
5374,2025-11-27,RS,Marketplace,Telefonia,Smartphone X,2,2728.89,5457.78,1371.02
5375,2025-06-23,SP,Marketplace,Áudio,Headset Pro,3,335.26,1005.78,467.28
5376,2025-12-09,PR,Online,Áudio,Caixa de Som,7,410.84,2875.88,1215.55
5377,2025-12-24,GO,Online,Periféricos,Teclado Mecânico,4,401.55,1606.2,715.24
5378,2025-11-17,PE,Marketplace,Telefonia,Tablet Plus,5,2182.5,10912.5,3347.95
5379,2025-11-10,PR,Marketplace,Telefonia,Smartphone X,5,2674.79,13373.95,2333.35
5380,2025-10-30,RS,Online,Áudio,Caixa de Som,3,371.46,1114.38,356.46
5381,2025-12-20,SP,Online,Informática,Notebook Pro,7,4329.07,30303.49,8114.19
5382,2025-02-04,GO,Marketplace,Periféricos,Mouse Gamer,3,224.2,672.6,310.86
5383,2025-08-10,RS,Loja Física,Áudio,Caixa de Som,4,415.03,1660.12,693.2
5384,2025-01-13,RS,Loja Física,Periféricos,Mouse Gamer,4,199.51,798.04,315.16
5385,2025-07-05,RJ,Marketplace,Informática,Monitor 27,3,1477.4,4432.2,1218.51
5386,2025-11-18,MG,Online,Áudio,Headset Pro,4,351.83,1407.32,613.6
5387,2025-01-12,SP,Online,Áudio,Headset Pro,4,312.17,1248.68,527.44
5388,2025-04-10,RS,Loja Física,Áudio,Caixa de Som,2,383.76,767.52,261.04
5389,2025-10-09,PE,Marketplace,Áudio,Headset Pro,2,314.71,629.42,273.84
5390,2025-07-06,PR,Loja Física,Informática,Notebook Pro,1,4004.73,4004.73,893.01
5391,2025-01-05,BA,Online,Periféricos,Mouse Gamer,3,212.08,636.24,276.15
5392,2025-01-19,PE,Marketplace,Áudio,Headset Pro,1,322.72,322.72,142.75
5393,2025-01-03,SP,Loja Física,Telefonia,Smartphone X,7,2814.71,19702.97,4831.19
5394,2025-11-26,MG,Online,Periféricos,Mouse Gamer,4,227.14,908.56,465.32
5395,2025-12-20,ES,Loja Física,Áudio,Caixa de Som,5,439.34,2196.7,1045.45
5396,2025-08-11,MG,Marketplace,Áudio,Headset Pro,4,342.21,1368.84,647.64
5397,2025-02-01,RS,Loja Física,Telefonia,Tablet Plus,4,1862.14,7448.56,1727.92
5398,2025-11-30,RJ,Online,Áudio,Caixa de Som,7,410.38,2872.66,1162.21
5399,2025-03-26,PR,Online,Telefonia,Tablet Plus,3,1988.64,5965.92,1578.81
5400,2025-07-05,RJ,Marketplace,Informática,Notebook Pro,6,4115.13,24690.78,5786.16
5401,2025-09-24,SP,Online,Periféricos,Teclado Mecânico,5,408.06,2040.3,906.85
5402,2025-11-14,ES,Loja Física,Telefonia,Smartphone X,3,2756.52,8269.56,1143.75
5403,2025-09-10,GO,Online,Periféricos,Teclado Mecânico,4,397.9,1591.6,728.8
5404,2025-08-13,RS,Online,Periféricos,Teclado Mecânico,2,380.41,760.82,354.62
5405,2025-01-14,BA,Online,Telefonia,Tablet Plus,3,2270.06,6810.18,1526.34
5406,2025-06-17,ES,Online,Periféricos,Teclado Mecânico,4,390.53,1562.12,648.04
5407,2025-12-04,RS,Loja Física,Periféricos,Mouse Gamer,6,236.46,1418.76,732.6
5408,2025-03-20,PR,Loja Física,Áudio,Headset Pro,2,346.18,692.36,341.24
5409,2025-08-03,SC,Loja Física,Periféricos,Mouse Gamer,4,219.71,878.84,393.16
5410,2025-11-19,ES,Marketplace,Periféricos,Teclado Mecânico,5,352.34,1761.7,647.2
5411,2025-10-14,PE,Marketplace,Telefonia,Tablet Plus,4,1935.4,7741.6,1839.92
5412,2025-09-12,SP,Marketplace,Áudio,Caixa de Som,4,368.39,1473.56,496.16
5413,2025-05-13,BA,Loja Física,Áudio,Caixa de Som,3,392.83,1178.49,396.06
5414,2025-07-09,ES,Marketplace,Áudio,Headset Pro,2,320.93,641.86,292.94
5415,2025-02-23,RJ,Marketplace,Informática,Notebook Pro,4,4238.28,16953.12,4730.36
5416,2025-12-03,PR,Loja Física,Periféricos,Teclado Mecânico,6,332.32,1993.92,786.18
5417,2025-04-28,RS,Online,Telefonia,Smartphone X,3,2717.23,8151.69,2209.32
5418,2025-06-07,RS,Online,Telefonia,Tablet Plus,3,2290.19,6870.57,2232.72
5419,2025-06-11,GO,Online,Informática,Notebook Pro,3,3939.12,11817.36,2539.26
